{"cameraMode":{"drawMode":0,"name":"Shaded","section":"Shading Mode"},"sceneLighting":false,"audioPlay":false,"sceneViewState":{"showFog":true,"showMaterialUpdate":false,"showSkybox":true,"showFlares":true,"showImageEffects":true,"showParticleSystems":true},"in2DMode":false,"pivot":{"x":-7.430245399475098,"y":16.76773452758789,"z":-3.7700376510620119},"rotation":{"x":0.21304823458194734,"y":0.4786205589771271,"z":-0.12093871831893921,"w":0.8431528210639954},"size":13.340222358703614,"orthographic":false}